ref_id,transaction_id,date,transaction_type,amount_usd,document_number,source,posted_at
938179767,,,,,,imported before this tool,
935815311,,,,,,imported before this tool,
935775365,,,,,,imported before this tool,
937286537,,,,,,imported before this tool,
937286529,,,,,,imported before this tool,
937286518,,,,,,imported before this tool,
937864714,,,,,,imported before this tool,
937674501,,,,,,imported before this tool,
935513565,,,,,,imported before this tool,
935513557,,,,,,imported before this tool,
935513552,,,,,,imported before this tool,
934102176,,,,,,imported before this tool,
934102175,,,,,,imported before this tool,
934041815,,,,,,imported before this tool,
933869766,,,,,,imported before this tool,
935735506,,,,,,imported before this tool,
939357359,,,,,,imported before this tool,
938550170,,,,,,imported before this tool,
938550154,,,,,,imported before this tool,
938550147,,,,,,imported before this tool,
939663936,,,,,,imported before this tool,
938318735,,,,,,imported before this tool,
936758832,,,,,,imported before this tool,
936758821,,,,,,imported before this tool,
936758811,,,,,,imported before this tool,
937772234,,,,,,imported before this tool,
934938465,,,,,,imported before this tool,
934938454,,,,,,imported before this tool,
934938444,,,,,,imported before this tool,
936076263,,,,,,imported before this tool,
935818691,,,,,,imported before this tool,
934643608,,,,,,imported before this tool,
933105858,,,,,,imported before this tool,
933105848,,,,,,imported before this tool,
933105840,,,,,,imported before this tool,
934290047,,,,,,imported before this tool,
934187217,,,,,,imported before this tool,
933913717,,,,,,imported before this tool,
933913716,,,,,,imported before this tool,
933901064,,,,,,imported before this tool,
931215641,,,,,,imported before this tool,
931215628,,,,,,imported before this tool,
931215624,,,,,,imported before this tool,
930789214,,,,,,imported before this tool,
930789213,,,,,,imported before this tool,
930789212,,,,,,imported before this tool,
939568074,,,,,,imported before this tool,
939568066,,,,,,imported before this tool,
938319115,,,,,,imported before this tool,
938319111,,,,,,imported before this tool,
937849062,,,,,,imported before this tool,
937849056,,,,,,imported before this tool,
937620959,,,,,,imported before this tool,
937620930,,,,,,imported before this tool,
935886404,,,,,,imported before this tool,
935886376,,,,,,imported before this tool,
934706794,,,,,,imported before this tool,
934706785,,,,,,imported before this tool,
933871484,,,,,,imported before this tool,
933871477,,,,,,imported before this tool,
932602158,,,,,,imported before this tool,
932602140,,,,,,imported before this tool,
939682264,,,,,,imported before this tool,
939682258,,,,,,imported before this tool,
939308414,,,,,,imported before this tool,
939308405,,,,,,imported before this tool,
938317460,,,,,,imported before this tool,
938317453,,,,,,imported before this tool,
937610759,,,,,,imported before this tool,
937610749,,,,,,imported before this tool,
936052956,,,,,,imported before this tool,
936052955,,,,,,imported before this tool,
934708209,,,,,,imported before this tool,
934708197,,,,,,imported before this tool,
934282647,,,,,,imported before this tool,
934282631,,,,,,imported before this tool,
934260086,,,,,,imported before this tool,
934260074,,,,,,imported before this tool,
932461914,,,,,,imported before this tool,
932461886,,,,,,imported before this tool,
932245203,,,,,,imported before this tool,
932245184,,,,,,imported before this tool,
939692319,,,,,,imported before this tool,
936059617,,,,,,imported before this tool,
939411751,,,,,,imported before this tool,
937330711,,,,,,imported before this tool,
937330703,,,,,,imported before this tool,
937330690,,,,,,imported before this tool,
935411825,,,,,,imported before this tool,
935411818,,,,,,imported before this tool,
935411808,,,,,,imported before this tool,
934726726,,,,,,imported before this tool,
934114311,,,,,,imported before this tool,
934114310,,,,,,imported before this tool,
934114309,,,,,,imported before this tool,
946523356,,,,,,imported before this tool,
946168481,,,,,,imported before this tool,
946168473,,,,,,imported before this tool,
946168467,,,,,,imported before this tool,
944410915,,,,,,imported before this tool,
944410904,,,,,,imported before this tool,
944410899,,,,,,imported before this tool,
947334108,,,,,,imported before this tool,
947334096,,,,,,imported before this tool,
946805281,,,,,,imported before this tool,
946805265,,,,,,imported before this tool,
946500839,,,,,,imported before this tool,
946500834,,,,,,imported before this tool,
945224353,,,,,,imported before this tool,
945224341,,,,,,imported before this tool,
943045570,,,,,,imported before this tool,
943045553,,,,,,imported before this tool,
941784944,,,,,,imported before this tool,
946797501,,,,,,imported before this tool,
946797484,,,,,,imported before this tool,
945124638,,,,,,imported before this tool,
945124622,,,,,,imported before this tool,
944564344,,,,,,imported before this tool,
944564322,,,,,,imported before this tool,
941445209,,,,,,imported before this tool,
941445196,,,,,,imported before this tool,
941147063,,,,,,imported before this tool,
941147048,,,,,,imported before this tool,
946292450,,,,,,imported before this tool,
946292438,,,,,,imported before this tool,
946292430,,,,,,imported before this tool,
946266610,,,,,,imported before this tool,
946266601,,,,,,imported before this tool,
946266594,,,,,,imported before this tool,
946611760,,,,,,imported before this tool,
944529119,,,,,,imported before this tool,
944529108,,,,,,imported before this tool,
944529102,,,,,,imported before this tool,
944827161,,,,,,imported before this tool,
943303177,,,,,,imported before this tool,
940977492,,,,,,imported before this tool,
948108958,,,,,,imported before this tool,
945750392,,,,,,imported before this tool,
945750384,,,,,,imported before this tool,
945750372,,,,,,imported before this tool,
946935793,,,,,,imported before this tool,
946590841,,,,,,imported before this tool,
943978683,,,,,,imported before this tool,
943978670,,,,,,imported before this tool,
943978659,,,,,,imported before this tool,
945154212,,,,,,imported before this tool,
944720238,,,,,,imported before this tool,
942201006,,,,,,imported before this tool,
942200997,,,,,,imported before this tool,
942200987,,,,,,imported before this tool,
943238862,,,,,,imported before this tool,
943165965,,,,,,imported before this tool,
942913558,,,,,,imported before this tool,
940391486,,,,,,imported before this tool,
940391478,,,,,,imported before this tool,
940391466,,,,,,imported before this tool,
940977280,,,,,,imported before this tool,
946228747,,,,,,imported before this tool,
946228738,,,,,,imported before this tool,
946228729,,,,,,imported before this tool,
944477697,,,,,,imported before this tool,
944477688,,,,,,imported before this tool,
944477678,,,,,,imported before this tool,
942730506,,,,,,imported before this tool,
942730496,,,,,,imported before this tool,
942730480,,,,,,imported before this tool,
940157698,,,,,,imported before this tool,
940157689,,,,,,imported before this tool,
943488146,,,,,,imported before this tool,
927060729,,,,,,imported before this tool,
925200260,,,,,,imported before this tool,
925200259,,,,,,imported before this tool,
925200258,,,,,,imported before this tool,
930623664,,,,,,imported before this tool,
929298873,,,,,,imported before this tool,
929298863,,,,,,imported before this tool,
929298850,,,,,,imported before this tool,
930077220,,,,,,imported before this tool,
928744426,,,,,,imported before this tool,
927382675,,,,,,imported before this tool,
927382665,,,,,,imported before this tool,
927382656,,,,,,imported before this tool,
926840627,,,,,,imported before this tool,
925452164,,,,,,imported before this tool,
925452141,,,,,,imported before this tool,
925452130,,,,,,imported before this tool,
926641286,,,,,,imported before this tool,
923505216,,,,,,imported before this tool,
923505210,,,,,,imported before this tool,
923505199,,,,,,imported before this tool,
932108250,,,,,,imported before this tool,
930991548,,,,,,imported before this tool,
929097396,,,,,,imported before this tool,
929097394,,,,,,imported before this tool,
929097393,,,,,,imported before this tool,
928807582,,,,,,imported before this tool,
928807581,,,,,,imported before this tool,
928807580,,,,,,imported before this tool,
930103192,,,,,,imported before this tool,
929091083,,,,,,imported before this tool,
928772913,,,,,,imported before this tool,
928560865,,,,,,imported before this tool,
926877660,,,,,,imported before this tool,
926877659,,,,,,imported before this tool,
926877658,,,,,,imported before this tool,
926897055,,,,,,imported before this tool,
926330893,,,,,,imported before this tool,
925324708,,,,,,imported before this tool,
924899953,,,,,,imported before this tool,
930941308,,,,,,imported before this tool,
930941306,,,,,,imported before this tool,
930488635,,,,,,imported before this tool,
930488627,,,,,,imported before this tool,
930343475,,,,,,imported before this tool,
930343474,,,,,,imported before this tool,
930264654,,,,,,imported before this tool,
928779516,,,,,,imported before this tool,
928779515,,,,,,imported before this tool,
928779514,,,,,,imported before this tool,
929063369,,,,,,imported before this tool,
928595387,,,,,,imported before this tool,
928444171,,,,,,imported before this tool,
926878782,,,,,,imported before this tool,
926878780,,,,,,imported before this tool,
926878779,,,,,,imported before this tool,
927152198,,,,,,imported before this tool,
926852672,,,,,,imported before this tool,
926658792,,,,,,imported before this tool,
926497382,,,,,,imported before this tool,
926272919,,,,,,imported before this tool,
925213850,,,,,,imported before this tool,
930961264,,,,,,imported before this tool,
930961263,,,,,,imported before this tool,
930474914,,,,,,imported before this tool,
925823691,,,,,,imported before this tool,
925823675,,,,,,imported before this tool,
925823661,,,,,,imported before this tool,
926298479,,,,,,imported before this tool,
930942542,,,,,,imported before this tool,
930942531,,,,,,imported before this tool,
930628658,,,,,,imported before this tool,
930628645,,,,,,imported before this tool,
928812803,,,,,,imported before this tool,
928812781,,,,,,imported before this tool,
928450934,,,,,,imported before this tool,
928450929,,,,,,imported before this tool,
927142702,,,,,,imported before this tool,
927142671,,,,,,imported before this tool,
926899903,,,,,,imported before this tool,
926899888,,,,,,imported before this tool,
926861601,,,,,,imported before this tool,
926861600,,,,,,imported before this tool,
919446840,,,,,,imported before this tool,
919446839,,,,,,imported before this tool,
919446838,,,,,,imported before this tool,
913060981,,,,,,imported before this tool,
913060980,,,,,,imported before this tool,
913060979,,,,,,imported before this tool,
894436115,,,,,,imported before this tool,
894436114,,,,,,imported before this tool,
894436113,,,,,,imported before this tool,
889363374,,,,,,imported before this tool,
889363372,,,,,,imported before this tool,
889363371,,,,,,imported before this tool,
881480971,,,,,,imported before this tool,
881480970,,,,,,imported before this tool,
881480966,,,,,,imported before this tool,
924569846,,,,,,imported before this tool,
924569845,,,,,,imported before this tool,
